-- Restaurant Database Schema and Sample Data
-- Complete relational database with normalized tables
-- 5 tables: Customers, Restaurants, MenuItems, Orders, OrderItems
-- 60 sample rows per table (300 total rows)

-- ============================================
-- Table: Customers
-- ============================================
CREATE TABLE Customers (
    customer_id INT PRIMARY KEY,
    first_name VARCHAR(50),
    last_name VARCHAR(50),
    email VARCHAR(100),
    phone VARCHAR(20),
    address VARCHAR(255),
    zip VARCHAR(10)
);

INSERT INTO Customers VALUES
(1, 'Ronald', 'Brooks', 'ronald.brooks@example.com', '402-867-4621', '1524 Oak St, Lakeside', '18015'),
(2, 'Rebecca', 'Johnson', 'rebecca.johnson@example.com', '731-396-8348', '1706 Elm St, San Diego', '74044'),
(3, 'Betty', 'Lynch', 'betty.lynch@example.com', '244-900-7017', '1470 3rd St, Central City', '66521'),
(4, 'Matthew', 'Rivera', 'matthew.rivera@example.com', '738-562-4304', '1984 Oak St, Springfield', '25585'),
(5, 'Katherine', 'Gomez', 'katherine.gomez@example.com', '421-738-3397', '4302 Maple Ave, Rivertown', '23714'),
(6, 'Brian', 'Jordan', 'brian.jordan@example.com', '370-168-3030', '1384 Oak St, San Jose', '44270'),
(7, 'Stephen', 'Richards', 'stephen.richards@example.com', '771-301-3554', '1436 Maple Ave, Phoenix', '73236'),
(8, 'Emily', 'Schmidt', 'emily.schmidt@example.com', '374-874-4466', '920 Maple Ave, Star City', '49552'),
(9, 'Linda', 'Armstrong', 'linda.armstrong@example.com', '516-667-2579', '2746 Oak St, Hill Valley', '18869'),
(10, 'James', 'Banks', 'james.banks@example.com', '420-176-4904', '2273 Oak St, Dallas', '50597'),
(11, 'Carol', 'Jenkins', 'carol.jenkins@example.com', '225-724-3106', '1754 Lakeview Rd, Chicago', '68066'),
(12, 'Brandon', 'Stuart', 'brandon.stuart@example.com', '337-626-9189', '854 Cedar Ave, Chicago', '70953'),
(13, 'Judith', 'Medina', 'judith.medina@example.com', '238-842-4502', '996 Washington Blvd, Springfield', '77542'),
(14, 'Andrew', 'Hernandez', 'andrew.hernandez@example.com', '515-344-6122', '192 Elm St, New York', '11547'),
(15, 'Barbara', 'Morton', 'barbara.morton@example.com', '931-339-2157', '1435 River Rd, Chicago', '49189'),
(16, 'Kimberly', 'Peters', 'kimberly.peters@example.com', '716-972-7864', '3353 Elm St, Dallas', '77494'),
(17, 'Fred', 'Camacho', 'fred.camacho@example.com', '221-200-5211', '1914 Sunset Blvd, Dallas', '42583'),
(18, 'Katherine', 'Hernandez', 'katherine.hernandez@example.com', '852-795-4793', '3433 Oak St, Houston', '53575'),
(19, 'Jack', 'Booth', 'jack.booth@example.com', '996-498-3902', '1685 Cedar Ave, Star City', '89421'),
(20, 'Helen', 'Davis', 'helen.davis@example.com', '809-817-6708', '2951 Pine St, Houston', '10118'),
(21, 'Zachary', 'Walsh', 'zachary.walsh@example.com', '676-539-5842', '3785 Oak St, Phoenix', '68351'),
(22, 'George', 'Peterson', 'george.peterson@example.com', '290-850-2018', '2741 Elm St, New York', '31773'),
(23, 'Barbara', 'Ayala', 'barbara.ayala@example.com', '794-481-0813', '4105 Maple Ave, Lakeside', '37032'),
(24, 'Nancy', 'Simmons', 'nancy.simmons@example.com', '561-191-1712', '3264 Main St, San Diego', '73188'),
(25, 'Robert', 'Rodriguez', 'robert.rodriguez@example.com', '700-310-6258', '1033 First Ave, Hill Valley', '38582'),
(26, 'Laura', 'Chandler', 'laura.chandler@example.com', '721-505-6224', '1661 Lakeview Rd, Phoenix', '32360'),
(27, 'Nancy', 'Smith', 'nancy.smith@example.com', '432-773-8419', '5234 River Rd, Metropolis', '22388'),
(28, 'Richard', 'Moss', 'richard.moss@example.com', '637-778-4337', '4134 First Ave, New York', '96109'),
(29, 'Bruce', 'Ho', 'bruce.ho@example.com', '751-928-3958', '2305 Main St, Houston', '27750'),
(30, 'Joan', 'Richmond', 'joan.richmond@example.com', '600-954-4260', '4653 Oak St, Chicago', '86726'),
(31, 'John', 'Little', 'john.little@example.com', '757-712-6584', '4313 2nd St, Springfild', '60812'),
(32, 'Michael', 'Keller', 'michael.keller@example.com', '988-677-1054', '1058 Lakeview Rd, Houston', '76203'),
(33, 'Margaret', 'Pittman', 'margaret.pittman@example.com', '839-453-0472', '3304 Cedar Ave, Metropolis', '54161'),
(34, 'Roy', 'Goldman', 'roy.goldman@example.com', '381-954-6270', '3432 Main St, Philadelphia', '67654'),
(35, 'Julia', 'Briggs', 'julia.briggs@example.com', '267-248-4637', '1900 Washington Blvd, Chicago', '66303'),
(36, 'John', 'Cunningham', 'john.cunningham@example.com', '471-731-2134', '3916 Oak St, Rivertown', '79652'),
(37, 'Richard', 'Stephenson', 'richard.stephenson@example.com', '222-779-4979', '2726 Elm St, Rivertown', '14408'),
(38, 'Melissa', 'Ho', 'melissa.ho@example.com', '636-721-4848', '4820 Oak St, Phoenix', '72944'),
(39, 'Ann', 'McInnis', 'ann.mcinnis@example.com', '591-499-3716', '3186 Cedar Ave, Philadelphia', '82667'),
(40, 'Steven', 'Parr', 'steven.parr@example.com', '591-894-3731', '1226 River Rd, Dallas', '72354'),
(41, 'Adam', 'Salinas', 'adam.salinas@example.com', '210-935-8716', '1580 Pine St, Metropolis', '42296'),
(42, 'Kenneth', 'Jacobs', 'kenneth.jacobs@example.com', '914-624-1730', '600 2nd St, Springfield', '56708'),
(43, 'Jason', 'Hoffman', 'jason.hoffman@example.com', '323-984-7197', '467 Cedar Ave, Metropolis', '34033'),
(44, 'Nicholas', 'Harmon', 'nicholas.harmon@example.com', '704-542-6588', '2313 Elm St, Philadelphia', '76765'),
(45, 'Joseph', 'Bender', 'joseph.bender@example.com', '347-371-8282', '1860 First Ave, Philadelphia', '23041'),
(46, 'Cynthia', 'Day', 'cynthia.day@example.com', '287-278-8687', '557 Hillcrest Dr, Houston', '94739'),
(47, 'Cynthia', 'Dean', 'cynthia.dean@example.com', '834-771-5049', '1176 Elm St, Phoenix', '73408'),
(48, 'Melissa', 'Burnett', 'melissa.burnett@example.com', '726-308-6578', '4793 Lakeview Rd, Chicago', '63795'),
(49, 'Leslie', 'Justice', 'leslie.justice@example.com', '474-305-1750', '1059 Oak St, Houston', '46324'),
(50, 'Charles', 'Serrano', 'charles.serrano@example.com', '815-460-7714', '441 Washington Blvd, Metropolis', '52647'),
(51, 'Linda', 'Pearson', 'linda.pearson@example.com', '466-191-4763', '1844 Hillcrest Dr, Rivertown', '87451'),
(52, 'Lisa', 'Dennis', 'lisa.dennis@example.com', '354-509-8477', '452 Elm St, Philadelphia', '16320'),
(53, 'Samuel', 'Arnold', 'samuel.arnold@example.com', '897-210-7755', '3823 Washington Blvd, Phoenix', '76928'),
(54, 'Jennifer', 'Acosta', 'jennifer.acosta@example.com', '735-937-0438', '1708 Main St, Chicago', '75246'),
(55, 'Christopher', 'Waters', 'christopher.waters@example.com', '726-676-1336', '3306 Sunset Blvd, Phoenix', '10904'),
(56, 'Steven', 'Hopkins', 'steven.hopkins@example.com', '648-143-6068', '2784 Washington Blvd, Springville', '70706'),
(57, 'Adam', 'Hogan', 'adam.hogan@example.com', '435-998-0346', '1536 Hillcrest Dr, Chicago', '69335'),
(58, 'Rebecca', 'Fitzpatrick', 'rebecca.fitzpatrick@example.com', '741-357-8175', '1667 Cedar Ave, Chicago', '71023'),
(59, 'Charles', 'Greene', 'charles.greene@example.com', '504-257-6513', '1669 First Ave, Metropolis', '27420'),
(60, 'Justin', 'Meyer', 'justin.meyer@example.com', '208-438-2298', '4835 Cypress Ave, Chicago', '80442');

-- ============================================
-- Table: Restaurants
-- ============================================
CREATE TABLE Restaurants (
    restaurant_id INT PRIMARY KEY,
    name VARCHAR(100),
    address VARCHAR(255),
    phone VARCHAR(20),
    cuisine VARCHAR(50),
    rating DECIMAL(2,1)
);

INSERT INTO Restaurants VALUES
(1, 'Pasta Place', '964 Elm St, Houston', '141-365-9376', 'Italian', 2.9),
(2, 'Burger Barn', '902 River Rd, Coast City', '588-466-4578', 'American', 3.0),
(3, 'Sushi Central', '388 Pine St, Hill Valley', '733-918-5104', 'Japanese', 4.9),
(4, 'Curry Corner', '645 First Ave, San Jose', '250-417-2618', 'Indian', 3.9),
(5, 'Taco Town', '970 Cedar Ave, New York', '583-673-2649', 'Mexican', 2.4),
(6, 'Pizza Palace', '432 Cedar Ave, Springfield', '507-907-3330', 'Italian', 4.3),
(7, 'BBQ Grill', '1146 Cedar Ave, Dallas', '358-237-2212', 'BBQ', 1.1),
(8, 'Vegan Delights', '1915 Washington Blvd, Chicago', '161-161-2136', 'Vegan', 4.9),
(9, 'Seafood Shack', '1057 Cypress Ave, New York', '449-498-1845', 'Seafood', 2.8),
(10, 'Steak House', '2808 Washington Blvd, Rivertown', '742-881-5128', 'Steakhouse', 4.9),
(11, 'Dumpling Den', '2472 Main St, San Jose', '786-259-6234', 'Chinese', 3.8),
(12, 'Breakfast Bistro', '1549 Sunset Blvd, Dallas', '255-707-4683', 'American', 4.0),
(13, 'Bagel Brothers', '1877 Sunset Blvd, Houston', '535-628-3381', 'American', 4.7),
(14, 'Garden Deli', '2383 Main St, Smallville', '372-648-9334', 'Mediterranean', 4.4),
(15, 'Noodle Nook', '3046 Elm St, Hill Valley', '287-561-2863', 'Asian', 4.9),
(16, 'Panini Press', '280 Werrenr Rd, Rivertown', '733-479-5166', 'Italian', 4.9),
(17, 'Café Latte', '2546 High rd, Smallville', '457-790-5692', 'Cafe', 3.5),
(18, 'Tea Time', '3566 Cedar Ave, Springville', '343-672-4119', 'Cafe', 2.5),
(19, 'Crepe Corner', '922 Washington Blvd, Springville', '273-675-5497', 'French', 4.8),
(20, 'Bakery Bliss', '3974 Oak St, Metropolis', '401-190-9682', 'Bakery', 1.2),
(21, 'Bistro Bonanza', '4383 Lakeview Rd, Metropolis', '646-389-6625', 'French', 2.2),
(22, 'Pita Pit', '2576 Third St, Dallas', '645-839-4539', 'Mediterranean', 4.8),
(23, 'Gyro Grill', '2616 Pine St, Gotham', '842-375-0735', 'Greek', 3.2),
(24, 'Empanada Express', '2122 Maple Ave, Lakeside', '766-857-3501', 'Mexican', 3.3),
(25, 'Kebab Kitchen', '352 Maple Ave, Houston', '869-939-8413', 'Turkish', 3.8),
(26, 'Waffle Works', '3199 Elm St, Houston', '304-719-5212', 'American', 1.9),
(27, 'Pancake Pantry', '3004 Elm St, Lakeside', '325-781-6153', 'American', 4.8),
(28, 'Sushi Sushi', '3644 Hillcrest Dr, Dallas', '386-262-6859', 'Japanese', 3.4),
(29, 'Tandoori Tikka', '443 Main St, Metropolis', '783-356-7582', 'Indian', 3.0),
(30, 'Curry Cult', '1033 Main St, Hill Valley', '700-407-8168', 'Indian', 4.2),
(31, 'Pho Palace', '1484 Sunset Blvd, Houston', '983-649-1045', 'Vietnamese', 2.5),
(32, 'Noodle Nirvana', '2424 Oak St, Metropolis', '969-263-9360', 'Asian', 1.2),
(33, 'Saigon Cafe', '4426 Maple Ave, Hill Valley', '507-597-1275', 'Vietnamese', 4.4),
(34, 'Banh Mi Booth', '1412 Main St, Houston', '541-639-1393', 'Vietnamese', 2.9),
(35, 'Gourmet Garden', '4571 Oak St, Metropolis', '412-460-3766', 'Vegetarian', 2.3),
(36, 'Sizzle Steakhouse', '2015 River Rd, Metropolis', '670-335-0508', 'Steakhouse', 4.1),
(37, 'Steak & Ale', '576 Maple Ave, Chicago', '443-755-8204', 'American', 3.1),
(38, 'Rainforest Cafe', '1425 Oak St, Dallas', '766-460-7231', 'American', 3.2),
(39, 'Texas BBQ', '460 Pine St, Rivertown', '206-903-8364', 'BBQ', 1.1),
(40, 'Spice Route', '3204 Main St, Metropolis', '719-717-4752', 'Indian', 4.5),
(41, 'Mediterraneo', '4177 Oak St, Lakeside', '339-382-2556', 'Mediterranean', 2.3),
(42, 'Mango Mango', '2754 Maple Ave, Rivertown', '976-939-4653', 'Indian', 2.6),
(43, 'Dragon''s Breath', '4334 Oak St, Houston', '816-208-2234', 'Asian', 2.3),
(44, 'Burrito Bliss', '3596 First Ave, Metropolis', '610-831-7321', 'Mexican', 4.7),
(45, 'The Salad Bowl', '356 First Ave, Lakeside', '818-370-9393', 'Vegetarian', 2.6),
(46, 'Falafel Hut', '462 First Ave, Rivertown', '368-315-9748', 'Mediterranean', 2.6),
(47, 'The Greek Table', '4213 Elm St, Dallas', '424-822-9657', 'Greek', 3.4),
(48, 'Chile Cabana', '2453 2nd St, Star City', '698-518-5746', 'Mexican', 3.3),
(49, 'Teriyaki House', '3010 Sunset Blvd, Hill Valley', '762-653-7007', 'Japanese', 4.3),
(50, 'Pasta Paradiso', '1008 Hillcrest Dr, Rivertown', '789-848-5077', 'Italian', 4.4),
(51, 'Brunch Bistro', '405 Washington Blvd, Hill Valley', '646-884-1262', 'Cafe', 3.5),
(52, 'Coffee Corner', '2510 First Ave, Smallville', '578-839-6451', 'Cafe', 2.2),
(53, 'Donut Den', '2762 Hillcrest Dr, Lakeside', '246-620-8719', 'American', 2.3),
(54, 'Deli Delights', '4452 2nd St, Star City', '795-742-2327', 'American', 2.3),
(55, 'Garnish Grill', '270 Cedar Ave, Rivertown', '805-155-9196', 'American', 3.7),
(56, 'Mozzarella Mansion', '3303 Cedar Ave, Metropolis', '487-574-4757', 'Italian', 1.7),
(57, 'Red Chilli', '482 Elm St, Dallas', '507-520-5214', 'Indian', 2.4),
(58, 'Green Garden', '2389 Hillcrest Dr, Lakeside', '370-759-3965', 'Vegan', 1.8),
(59, 'Burger Bistro', '1086 Oak St, Metropolis', '258-768-1160', 'American', 3.5),
(60, 'Tiki Taco', '1483 Lakeview Rd, Metropolis', '270-344-1158', 'Mexican', 2.6);

-- ============================================
-- Table: MenuItems
-- ============================================
CREATE TABLE MenuItems (
    item_id INT PRIMARY KEY,
    restaurant_id INT,
    name VARCHAR(100),
    description TEXT,
    price DECIMAL(5,2),
    category VARCHAR(50),
    FOREIGN KEY (restaurant_id) REFERENCES Restaurants(restaurant_id)
);

INSERT INTO MenuItems VALUES
(1, 1, 'Bruschetta', 'Tasty appetizer: Bruschetta served hot.', 9.97, 'Appetizer'),
(2, 2, 'Stuffed Mushrooms', 'Tasty appetizer: Stuffed Mushrooms served hot.', 11.34, 'Appetizer'),
(3, 3, 'Mozzarella Sticks', 'Tasty appetizer: Mozzarella Sticks served hot.', 5.23, 'Appetizer'),
(4, 4, 'Garlic Bread', 'Tasty appetizer: Garlic Bread served hot.', 9.43, 'Appetizer'),
(5, 5, 'Spring Rolls', 'Tasty appetizer: Spring Rolls served hot.', 11.10, 'Appetizer'),
(6, 6, 'Nachos', 'Tasty appetizer: Nachos served hot.', 11.69, 'Appetizer'),
(7, 7, 'Calamari', 'Tasty appetizer: Calamari served hot.', 11.84, 'Appetizer'),
(8, 8, 'Caprese Salad', 'Tasty appetizer: Caprese Salad served hot.', 9.12, 'Appetizer'),
(9, 9, 'Spinach Artichoke Dip', 'Tasty appetizer: Spinach Artichoke Dip served hot.', 10.03, 'Appetizer'),
(10, 10, 'Deviled Eggs', 'Tasty appetizer: Deviled Eggs served hot.', 10.14, 'Appetizer'),
(11, 11, 'Grilled Salmon', 'Hearty main dish: Grilled Salmon served hot.', 16.59, 'Main'),
(12, 12, 'Chicken Parmesan', 'Hearty main dish: Chicken Parmesan served hot.', 13.45, 'Main'),
(13, 13, 'Beef Tacos', 'Hearty main dish: Beef Tacos served hot.', 10.27, 'Main'),
(14, 14, 'Vegetable Stir Fry', 'Hearty main dish: Vegetable Stir Fry served hot.', 22.37, 'Main'),
(15, 15, 'Spaghetti Bolognese', 'Hearty main dish: Spaghetti Bolognese served hot.', 24.92, 'Main'),
(16, 16, 'Lamb Chops', 'Hearty main dish: Lamb Chops served hot.', 22.70, 'Main'),
(17, 17, 'BBQ Ribs', 'Hearty main dish: BBQ Ribs served hot.', 12.38, 'Main'),
(18, 18, 'Veggie Curry', 'Hearty main dish: Veggie Curry served hot.', 19.84, 'Main'),
(19, 19, 'Shrimp Alfredo', 'Hearty main dish: Shrimp Alfredo served hot.', 17.34, 'Main'),
(20, 20, 'Margherita Pizza', 'Hearty main dish: Margherita Pizza served hot.', 15.07, 'Main'),
(21, 21, 'Cheesecake', 'Delicious dessert: Cheesecake to sweeten your meal.', 8.16, 'Dessert'),
(22, 22, 'Chocolate Lava Cake', 'Delicious dessert: Chocolate Lava Cake to sweeten your meal.', 6.47, 'Dessert'),
(23, 23, 'Apple Pie', 'Delicious dessert: Apple Pie to sweeten your meal.', 8.85, 'Dessert'),
(24, 24, 'Tiramisu', 'Delicious dessert: Tiramisu to sweeten your meal.', 8.97, 'Dessert'),
(25, 25, 'Ice Cream Sundae', 'Delicious dessert: Ice Cream Sundae to sweeten your meal.', 4.99, 'Dessert'),
(26, 26, 'Fruit Tart', 'Delicious dessert: Fruit Tart to sweeten your meal.', 7.21, 'Dessert'),
(27, 27, 'Banoffee Pie', 'Delicious dessert: Banoffee Pie to sweeten your meal.', 8.37, 'Dessert'),
(28, 28, 'Brownie', 'Delicious dessert: Brownie to sweeten your meal.', 6.78, 'Dessert'),
(29, 29, 'Panna Cotta', 'Delicious dessert: Panna Cotta to sweeten your meal.', 4.02, 'Dessert'),
(30, 30, 'Chocolate Mousse', 'Delicious dessert: Chocolate Mousse to sweeten your meal.', 4.26, 'Dessert'),
(31, 31, 'Lemonade', 'Refreshing drink: Lemonade to quench your thirst.', 4.72, 'Beverage'),
(32, 32, 'Mojito', 'Refreshing drink: Mojito to quench your thirst.', 3.98, 'Beverage'),
(33, 33, 'Iced Tea', 'Refreshing drink: Iced Tea to quench your thirst.', 4.37, 'Beverage'),
(34, 34, 'Smoothie', 'Refreshing drink: Smoothie to quench your thirst.', 2.92, 'Beverage'),
(35, 35, 'Coffee', 'Refreshing drink: Coffee to quench your thirst.', 7.73, 'Beverage'),
(36, 36, 'Orange Juice', 'Refreshing drink: Orange Juice to quench your thirst.', 4.64, 'Beverage'),
(37, 37, 'Cappuccino', 'Refreshing drink: Cappuccino to quench your thirst.', 3.77, 'Beverage'),
(38, 38, 'Beer', 'Refreshing drink: Beer to quench your thirst.', 7.53, 'Beverage'),
(39, 39, 'Red Wine', 'Refreshing drink: Red Wine to quench your thirst.', 6.09, 'Beverage'),
(40, 40, 'Green Tea', 'Refreshing drink: Green Tea to quench your thirst.', 4.17, 'Beverage'),
(41, 41, 'French Fries', 'Savory side: French Fries served hot.', 4.81, 'Side'),
(42, 42, 'Sweet Potato Fries', 'Savory side: Sweet Potato Fries served hot.', 3.04, 'Side'),
(43, 43, 'Coleslaw', 'Savory side: Coleslaw served hot.', 7.52, 'Side'),
(44, 44, 'Mashed Potatoes', 'Savory side: Mashed Potatoes served hot.', 4.16, 'Side'),
(45, 45, 'Steamed Vegetables', 'Savory side: Steamed Vegetables served hot.', 7.02, 'Side'),
(46, 46, 'Rice Pilaf', 'Savory side: Rice Pilaf served hot.', 5.37, 'Side'),
(47, 47, 'Onion Rings', 'Savory side: Onion Rings served hot.', 3.22, 'Side'),
(48, 48, 'Corn on the Cob', 'Savory side: Corn on the Cob served hot.', 7.35, 'Side'),
(49, 49, 'Cauliflower Rice', 'Savory side: Cauliflower Rice served hot.', 5.97, 'Side'),
(50, 50, 'Garlic Mashed Potatoes', 'Savory side: Garlic Mashed Potatoes served hot.', 3.42, 'Side'),
(51, 51, 'Caesar Salad', 'Fresh salad: Caesar Salad with fresh greens.', 7.59, 'Salad'),
(52, 52, 'Greek Salad', 'Fresh salad: Greek Salad with fresh greens.', 8.73, 'Salad'),
(53, 53, 'Garden Salad', 'Fresh salad: Garden Salad with fresh greens.', 12.30, 'Salad'),
(54, 54, 'Cobb Salad', 'Fresh salad: Cobb Salad with fresh greens.', 11.26, 'Salad'),
(55, 55, 'Tuna Salad', 'Fresh salad: Tuna Salad with fresh greens.', 10.97, 'Salad'),
(56, 56, 'Chef Salad', 'Fresh salad: Chef Salad with fresh greens.', 7.93, 'Salad'),
(57, 57, 'Quinoa Salad', 'Fresh salad: Quinoa Salad with fresh greens.', 6.35, 'Salad'),
(58, 58, 'Waldorf Salad', 'Fresh salad: Waldorf Salad with fresh greens.', 7.50, 'Salad'),
(59, 59, 'Caprese Salad', 'Fresh salad: Caprese Salad with fresh greens.', 14.77, 'Salad'),
(60, 60, 'Arugula Salad', 'Fresh salad: Arugula Salad with fresh greens.', 7.44, 'Salad');

-- ============================================
-- Table: Orders
-- ============================================
CREATE TABLE Orders (
    order_id INT PRIMARY KEY,
    customer_id INT,
    restaurant_id INT,
    order_date DATETIME,
    total_amount DECIMAL(7,2),
    status VARCHAR(20),
    FOREIGN KEY (customer_id) REFERENCES Customers(customer_id),
    FOREIGN KEY (restaurant_id) REFERENCES Restaurants(restaurant_id)
);

INSERT INTO Orders VALUES
(1, 18, 20, '2025-05-26 00:29:47', 78.92, 'Completed'),
(2, 53, 46, '2025-05-24 09:24:01', 21.40, 'Completed'),
(3, 21, 22, '2025-04-08 15:43:03', 16.82, 'Pending'),
(4, 49, 33, '2025-03-21 20:30:30', 9.52, 'Completed'),
(5, 3, 36, '2025-07-30 23:10:48', 28.25, 'Completed'),
(6, 45, 35, '2025-05-09 01:37:44', 6.89, 'Completed'),
(7, 31, 53, '2025-03-04 09:38:20', 12.48, 'Completed'),
(8, 7, 36, '2025-03-21 14:26:15', 20.39, 'Completed'),
(9, 11, 36, '2025-06-12 03:19:04', 28.25, 'Completed'),
(10, 57, 5, '2025-06-14 20:57:38', 23.92, 'Completed'),
(11, 46, 2, '2026-01-28 05:22:04', 36.75, 'Pending'),
(12, 21, 15, '2025-05-17 17:58:19', 31.37, 'Completed'),
(13, 43, 10, '2026-01-23 07:26:02', 39.40, 'Pending'),
(14, 7, 28, '2025-02-07 04:03:27', 10.76, 'Completed'),
(15, 44, 28, '2025-06-14 13:39:12', 17.21, 'Completed'),
(16, 37, 8, '2025-12-06 17:31:27', 35.82, 'Completed'),
(17, 15, 13, '2025-01-16 05:13:56', 15.34, 'Completed'),
(18, 23, 7, '2025-04-18 22:59:06', 14.72, 'Pending'),
(19, 49, 33, '2025-12-01 08:40:02', 16.82, 'Pending'),
(20, 42, 48, '2026-02-18 00:52:24', 23.00, 'Completed'),
(21, 37, 44, '2026-02-02 01:50:08', 15.45, 'Completed'),
(22, 31, 19, '2025-02-17 09:13:06', 17.29, 'Pending'),
(23, 12, 11, '2025-07-27 03:05:45', 31.32, 'Completed'),
(24, 5, 39, '2026-01-20 10:34:37', 16.89, 'Completed'),
(25, 2, 20, '2025-02-13 15:29:43', 42.25, 'Completed'),
(26, 53, 32, '2025-05-21 04:49:16', 2.04, 'Completed'),
(27, 15, 32, '2026-02-03 11:52:12', 12.12, 'Completed'),
(28, 25, 21, '2026-02-04 14:30:34', 15.60, 'Cancelled'),
(29, 20, 57, '2025-07-07 02:08:26', 14.99, 'Completed'),
(30, 54, 6, '2025-11-10 19:07:13', 42.44, 'Completed'),
(31, 29, 28, '2025-02-14 13:08:30', 18.96, 'Pending'),
(32, 22, 52, '2025-07-14 21:35:48', 15.06, 'Completed'),
(33, 25, 10, '2026-02-03 14:49:55', 24.14, 'Pending'),
(34, 39, 18, '2025-01-08 08:22:24', 8.77, 'Completed'),
(35, 11, 28, '2026-02-10 02:21:15', 7.55, 'Completed'),
(36, 36, 19, '2025-10-05 11:52:14', 14.04, 'Completed'),
(37, 38, 33, '2025-01-14 10:44:05', 16.82, 'Completed'),
(38, 11, 6, '2025-10-01 16:47:18', 8.77, 'Completed'),
(39, 3, 3, '2025-04-12 02:00:00', 15.69, 'Completed'),
(40, 13, 6, '2025-11-20 06:10:29', 15.28, 'Completed'),
(41, 12, 9, '2026-01-29 21:16:31', 30.04, 'Completed'),
(42, 8, 29, '2025-06-27 02:01:03', 5.65, 'Completed'),
(43, 42, 11, '2025-05-09 06:22:55', 6.47, 'Pending'),
(44, 2, 10, '2026-01-19 04:30:14', 46.95, 'Completed'),
(45, 12, 44, '2025-08-08 17:32:53', 14.70, 'Completed'),
(46, 46, 49, '2025-12-11 02:21:44', 9.52, 'Completed'),
(47, 41, 6, '2025-09-28 17:06:53', 8.77, 'Completed'),
(48, 13, 60, '2025-02-13 23:13:19', 42.12, 'Completed'),
(49, 22, 21, '2025-06-11 18:45:22', 31.16, 'Completed'),
(50, 60, 30, '2026-02-04 22:11:22', 54.88, 'Completed'),
(51, 57, 17, '2025-12-31 18:15:42', 49.08, 'Completed'),
(52, 10, 50, '2025-01-28 19:08:37', 53.93, 'Completed'),
(53, 43, 8, '2026-01-06 20:00:09', 35.82, 'Completed'),
(54, 50, 25, '2025-12-28 13:35:52', 25.53, 'Completed'),
(55, 58, 51, '2025-08-16 23:54:16', 52.19, 'Completed'),
(56, 31, 55, '2025-07-18 14:40:32', 47.79, 'Pending'),
(57, 29, 8, '2025-10-10 11:09:52', 14.03, 'Completed'),
(58, 13, 23, '2025-11-26 10:43:16', 15.93, 'Completed'),
(59, 8, 49, '2025-07-02 12:48:52', 8.52, 'Completed'),
(60, 33, 48, '2025-11-14 17:54:26', 10.66, 'Pending');

-- ============================================
-- Table: OrderItems
-- ============================================
CREATE TABLE OrderItems (
    order_item_id INT PRIMARY KEY,
    order_id INT,
    item_id INT,
    quantity INT,
    price DECIMAL(5,2),
    FOREIGN KEY (order_id) REFERENCES Orders(order_id),
    FOREIGN KEY (item_id) REFERENCES MenuItems(item_id)
);

INSERT INTO OrderItems VALUES
(1, 1, 20, 4, 19.73),
(2, 2, 46, 5, 4.28),
(3, 3, 22, 2, 8.41),
(4, 4, 33, 4, 2.38),
(5, 5, 36, 5, 5.65),
(6, 6, 35, 1, 6.89),
(7, 7, 53, 1, 12.48),
(8, 8, 36, 3, 6.80),
(9, 9, 36, 4, 7.06),
(10, 10, 5, 4, 5.98),
(11, 11, 2, 2, 18.37),
(12, 12, 15, 1, 13.45),
(13, 13, 10, 4, 9.85),
(14, 14, 28, 1, 10.76),
(15, 15, 28, 3, 5.74),
(16, 16, 8, 2, 17.91),
(17, 17, 13, 1, 15.34),
(18, 18, 7, 2, 6.16),
(19, 19, 33, 4, 4.20),
(20, 20, 28, 4, 3.25),
(21, 21, 44, 5, 3.09),
(22, 22, 19, 2, 8.65),
(23, 23, 11, 1, 31.32),
(24, 24, 39, 5, 3.38),
(25, 25, 20, 5, 7.47),
(26, 26, 32, 4, 0.85),
(27, 27, 32, 3, 4.04),
(28, 28, 21, 2, 7.80),
(29, 29, 12, 2, 5.46),
(30, 30, 6, 2, 21.22),
(31, 31, 28, 3, 6.32),
(32, 32, 21, 1, 7.88),
(33, 33, 10, 2, 10.07),
(34, 34, 18, 2, 3.43),
(35, 35, 28, 1, 7.55),
(36, 36, 19, 3, 4.68),
(37, 37, 33, 2, 4.20),
(38, 38, 6, 1, 7.41),
(39, 39, 3, 1, 15.69),
(40, 40, 6, 1, 12.94),
(41, 41, 9, 2, 15.02),
(42, 42, 48, 3, 7.66),
(43, 43, 11, 1, 6.47),
(44, 44, 10, 2, 23.48),
(45, 45, 44, 3, 4.90),
(46, 46, 49, 4, 2.38),
(47, 47, 6, 4, 2.19),
(48, 48, 60, 4, 10.53),
(49, 49, 21, 2, 15.58),
(50, 50, 30, 3, 15.32),
(51, 51, 17, 3, 6.36),
(52, 52, 50, 4, 11.74),
(53, 53, 8, 3, 11.94),
(54, 54, 25, 3, 8.51),
(55, 55, 51, 3, 17.85),
(56, 56, 55, 2, 16.66),
(57, 57, 8, 1, 11.94),
(58, 58, 23, 4, 3.97),
(59, 59, 49, 3, 3.56),
(60, 60, 48, 4, 2.66);

-- ============================================
-- Summary:
-- 5 Tables with proper relationships
-- 300 total rows (60 per table)
-- All foreign keys properly referenced
-- Normalized to 3NF
-- Ready for SQL learning and practice
-- ============================================
